what,kind,bundleId,bundleVersion,description,time
started,bundle,org.eclipse.wst.server.core,1.1.304.v20120208_1420,"org.eclipse.wst.server.core",1342207289763
started,bundle,org.eclipse.wst.server.ui,1.3.0.v20120210_1439,"org.eclipse.wst.server.ui",1342207289768
started,bundle,org.eclipse.wst.web,1.1.501.v201201190400,"org.eclipse.wst.web",1342207289769
started,bundle,com.google.gdt.eclipse.core,2.6.1.v201205091048-rel-r37,"com.google.gdt.eclipse.core",1342207289769
started,bundle,com.google.gdt.eclipse.login,2.6.1.v201205091048-rel-r37,"com.google.gdt.eclipse.login",1342207289770
started,bundle,com.google.gdt.eclipse.managedapis,2.6.1.v201205091048-rel-r37,"com.google.gdt.eclipse.managedapis",1342207289770
started,bundle,com.google.gdt.eclipse.suite.ext,2.6.1.v201205091048-rel-r37,"com.google.gdt.eclipse.suite.ext",1342207289771
started,bundle,org.jboss.tools.forge.ui,1.0.0.v20120611-1732-H94-Final,"org.jboss.tools.forge.ui",1342207289771
started,bundle,org.jboss.tools.project.examples,1.2.1.v20120612-0012-H106-Final,"org.jboss.tools.project.examples",1342207289772
started,bundle,org.jboss.tools.runtime.ui,1.3.0.v20120611-2354-H105-Final,"org.jboss.tools.runtime.ui",1342207289772
os,sysinfo,,,"linux",1342207289779
arch,sysinfo,,,"x86_64",1342207289779
ws,sysinfo,,,"gtk",1342207289779
locale,sysinfo,,,"en_US",1342207289779
processors,sysinfo,,,"4",1342207289779
java.runtime.name,sysinfo,,,"Java(TM) SE Runtime Environment",1342207289779
java.runtime.version,sysinfo,,,"1.7.0_04-b20",1342207289779
java.specification.name,sysinfo,,,"Java Platform API Specification",1342207289779
java.specification.vendor,sysinfo,,,"Oracle Corporation",1342207289779
java.specification.version,sysinfo,,,"1.7",1342207289779
java.vendor,sysinfo,,,"Oracle Corporation",1342207289779
java.version,sysinfo,,,"1.7.0_04",1342207289779
java.vm.info,sysinfo,,,"mixed mode",1342207289779
java.vm.name,sysinfo,,,"Java HotSpot(TM) 64-Bit Server VM",1342207289779
java.vm.specification.name,sysinfo,,,"Java Virtual Machine Specification",1342207289780
java.vm.specification.vendor,sysinfo,,,"Oracle Corporation",1342207289780
java.vm.specification.version,sysinfo,,,"1.7",1342207289780
java.vm.vendor,sysinfo,,,"Oracle Corporation",1342207289780
java.vm.version,sysinfo,,,"23.0-b21",1342207289780
started,bundle,org.eclipse.m2e.usagedata,1.0.200.20111228-1245,"org.eclipse.m2e.usagedata",1342207289804
started,bundle,org.eclipse.jgit,1.3.0.201202151440-r,"org.eclipse.jgit",1342207289847
started,bundle,org.eclipse.emf.common,2.7.0.v20120127-1122,"org.eclipse.emf.common",1342207290321
started,bundle,org.eclipse.wst.common.frameworks,1.2.102.v201201190400,"org.eclipse.wst.common.frameworks",1342207290655
started,bundle,org.eclipse.egit.core,1.3.0.201202151440-r,"org.eclipse.egit.core",1342207290766
started,bundle,org.eclipse.wb.core.lib,1.2.0.r37x201112290923,"org.eclipse.wb.core.lib",1342207290819
started,bundle,org.eclipse.jsch.core,1.1.300.I20110514-0800,"org.eclipse.jsch.core",1342207290820
started,bundle,org.eclipse.team.cvs.core,3.3.400.I20110510-0800,"org.eclipse.team.cvs.core",1342207290865
started,bundle,org.eclipse.wst.common.emf,1.2.100.v201101101900,"org.eclipse.wst.common.emf",1342207290974
started,bundle,org.eclipse.egit.ui,1.3.0.201202151440-r,"org.eclipse.egit.ui",1342207291115
started,bundle,org.eclipse.team.ui,3.6.101.R37x_v20111109-0800,"org.eclipse.team.ui",1342207291457
started,bundle,org.eclipse.emf.ecore,2.7.0.v20120127-1122,"org.eclipse.emf.ecore",1342207291650
started,bundle,org.eclipse.wb.core,1.2.0.r37x201112290923,"org.eclipse.wb.core",1342207291879
started,bundle,org.eclipse.jem.util,2.1.100.v201103021400,"org.eclipse.jem.util",1342207291894
started,bundle,org.eclipse.emf.ecore.xmi,2.7.0.v20120127-1122,"org.eclipse.emf.ecore.xmi",1342207291896
started,bundle,org.eclipse.wst.common.emfworkbench.integration,1.2.101.v201107140600,"org.eclipse.wst.common.emfworkbench.integration",1342207291903
started,bundle,org.eclipse.wst.common.core,1.2.0.v200908252030,"org.eclipse.wst.common.core",1342207291972
started,bundle,org.eclipse.wst.common.modulecore,1.2.103.v201201190400,"org.eclipse.wst.common.modulecore",1342207292002
started,bundle,org.eclipse.jst.j2ee.core,1.2.102.v201202090300,"org.eclipse.jst.j2ee.core",1342207292163
started,bundle,org.eclipse.team.cvs.ui,3.3.401.v20120126-1227,"org.eclipse.team.cvs.ui",1342207292193
started,bundle,org.eclipse.jem,2.0.501.v201111030500,"org.eclipse.jem",1342207292234
started,bundle,org.eclipse.wst.common.frameworks.ui,1.2.100.v201105122000,"org.eclipse.wst.common.frameworks.ui",1342207292488
started,bundle,org.eclipse.wst.xml.core,1.1.602.v201201091944,"org.eclipse.wst.xml.core",1342207292509
started,bundle,org.eclipse.wst.validation,1.2.303.v201202090300,"org.eclipse.wst.validation",1342207292663
opened,view,org.eclipse.ui.ide,3.7.0.v20110928-1505,"org.eclipse.ui.views.ProblemView",1342207292741
started,bundle,org.eclipse.jst.j2ee,1.1.503.v201202090300,"org.eclipse.jst.j2ee",1342207292985
started,bundle,org.eclipse.jst.common.frameworks,1.1.501.v201201190400,"org.eclipse.jst.common.frameworks",1342207293007
started,bundle,com.google.gdt.eclipse.designer,2.5.0.r37x201112291029,"com.google.gdt.eclipse.designer",1342207293379
started,bundle,org.eclipse.jst.j2ee.web,1.1.502.v201202090300,"org.eclipse.jst.j2ee.web",1342207293633
started,bundle,com.google.gdt.eclipse.designer.hosted,2.5.0.r37x201112291019,"com.google.gdt.eclipse.designer.hosted",1342207293634
started,bundle,com.google.gdt.eclipse.designer.UiBinder,2.5.0.r37x201112291029,"com.google.gdt.eclipse.designer.UiBinder",1342207293635
started,bundle,org.jboss.ide.eclipse.as.core,2.3.0.v20120615-1559-H138-Final,"org.jboss.ide.eclipse.as.core",1342207293636
started,bundle,org.jboss.ide.eclipse.as.classpath.core,2.3.0.v20120615-1559-H138-Final,"org.jboss.ide.eclipse.as.classpath.core",1342207293636
started,bundle,org.eclipse.jem.workbench,2.0.400.v201104251400,"org.eclipse.jem.workbench",1342207293965
started,bundle,de.odysseus.stan.eclipse,2.0.3.v20120309,"de.odysseus.stan.eclipse",1342207294319
started,bundle,de.odysseus.stan.eclipse.perspective,2.0.3.v20120309,"de.odysseus.stan.eclipse.perspective",1342207294350
started,bundle,org.eclipse.core.variables,3.2.500.v20110928-1503,"org.eclipse.core.variables",1342207294433
started,bundle,org.jboss.ide.eclipse.archives.core,3.2.1.v20120611-1725-H88-Final,"org.jboss.ide.eclipse.archives.core",1342207294603
started,bundle,org.jboss.ide.eclipse.archives.webtools,2.3.0.v20120615-1559-H138-Final,"org.jboss.ide.eclipse.archives.webtools",1342207294626
started,bundle,com.google.gdt.eclipse.platform.shared,2.6.1.v201205091048-rel-r37,"com.google.gdt.eclipse.platform.shared",1342207294678
started,bundle,org.jboss.ide.eclipse.as.ui,2.3.0.v20120615-1559-H138-Final,"org.jboss.ide.eclipse.as.ui",1342207294963
started,bundle,org.jboss.tools.central,1.0.0.v20120612-0053-H99-Final,"org.jboss.tools.central",1342207295091
started,bundle,org.jboss.tools.common,3.3.0.v20120611-1634-H74-Final,"org.jboss.tools.common",1342207295748
started,bundle,org.jboss.tools.common.model,3.3.0.v20120611-1634-H74-Final,"org.jboss.tools.common.model",1342207296049
started,bundle,org.jboss.tools.forge.core,1.0.0.v20120611-1732-H94-Final,"org.jboss.tools.forge.core",1342207296050
started,bundle,org.jboss.tools.maven.sourcelookup.ui,1.3.0.v20120613-2141-H115-Final,"org.jboss.tools.maven.sourcelookup.ui",1342207296066
started,bundle,org.jboss.tools.maven.sourcelookup.core,1.3.0.v20120613-2141-H115-Final,"org.jboss.tools.maven.sourcelookup.core",1342207296104
started,bundle,org.jboss.tools.usage,1.1.0.v20120611-1654-H68-Final,"org.jboss.tools.usage",1342207296167
started,bundle,com.google.gwt.eclipse.core,2.6.1.v201205091048-rel-r37,"com.google.gwt.eclipse.core",1342207296468
started,bundle,org.eclipse.jpt.common.core,1.0.2.v201111103010,"org.eclipse.jpt.common.core",1342207296556
started,bundle,org.eclipse.jpt.jpa.core,3.0.2.v201201243020,"org.eclipse.jpt.jpa.core",1342207296596
started,bundle,org.eclipse.ecf.filetransfer,5.0.0.v20110531-2218,"org.eclipse.ecf.filetransfer",1342207297155
started,bundle,org.eclipse.ecf,3.1.300.v20110531-2218,"org.eclipse.ecf",1342207297325
started,bundle,org.eclipse.ecf.identity,3.1.100.v20110531-2218,"org.eclipse.ecf.identity",1342207297350
started,bundle,org.jboss.ide.eclipse.as.wtp.core,2.3.0.v20120615-1559-H138-Final,"org.jboss.ide.eclipse.as.wtp.core",1342207297373
started,bundle,org.maven.ide.eclipse.wtp.overlay,0.15.2.20120306-2040,"org.maven.ide.eclipse.wtp.overlay",1342207297788
started,bundle,org.eclipse.ecf.provider.filetransfer.httpclient,4.0.0.v20110531-2218,"org.eclipse.ecf.provider.filetransfer.httpclient",1342207297918
started,bundle,org.eclipse.ecf.provider.filetransfer,3.2.0.v20110531-2218,"org.eclipse.ecf.provider.filetransfer",1342207297926
started,bundle,org.eclipse.jst.j2ee.ejb,1.1.505.v201202020200,"org.eclipse.jst.j2ee.ejb",1342207300041
started,bundle,org.eclipse.jst.j2ee.jca,1.1.501.v201111030500,"org.eclipse.jst.j2ee.jca",1342207300075
started,bundle,org.eclipse.equinox.p2.ui,2.1.1.v20120113-1346,"org.eclipse.equinox.p2.ui",1342207300103
started,bundle,org.eclipse.jst.jee,1.0.402.v201202021530,"org.eclipse.jst.jee",1342207300114
started,bundle,org.eclipse.jst.jee.ejb,1.0.301.v201007070821,"org.eclipse.jst.jee.ejb",1342207300125
started,bundle,org.eclipse.jst.jee.web,1.0.301.v201007070907,"org.eclipse.jst.jee.web",1342207300145
started,bundle,org.jboss.tools.maven.project.examples,1.3.0.v20120613-2141-H115-Final,"org.jboss.tools.maven.project.examples",1342207307483
opened,editor,org.jboss.tools.central,1.0.0.v20120612-0053-H99-Final,"org.jboss.tools.central.editors.JBossCentralEditor",1342207311063
activated,editor,org.jboss.tools.central,1.0.0.v20120612-0053-H99-Final,"org.jboss.tools.central.editors.JBossCentralEditor",1342207311120
activated,workbench,org.eclipse.ui.workbench,3.7.1.v20120104-1859,"",1342207363186
activated,view,org.eclipse.ui.console,3.5.100.v20111007_r372,"org.eclipse.ui.console.ConsoleView",1342207363197
activated,editor,org.jboss.tools.central,1.0.0.v20120612-0053-H99-Final,"org.jboss.tools.central.editors.JBossCentralEditor",1342207365408
activated,view,org.eclipse.ui.console,3.5.100.v20111007_r372,"org.eclipse.ui.console.ConsoleView",1342207365435
closed,editor,org.jboss.tools.central,1.0.0.v20120612-0053-H99-Final,"org.jboss.tools.central.editors.JBossCentralEditor",1342207365447
activated,view,org.eclipse.jdt.ui,3.7.2.v20120109-1427,"org.eclipse.jdt.ui.PackageExplorer",1342207366988
started,bundle,org.eclipse.pde.core,3.7.1.v20120103_r372,"org.eclipse.pde.core",1342207367355
started,bundle,org.jboss.ide.eclipse.as.ui.mbeans,2.3.0.v20120615-1559-H138-Final,"org.jboss.ide.eclipse.as.ui.mbeans",1342207367381
started,bundle,org.eclipse.wst.sse.core,1.1.602.v201112071516,"org.eclipse.wst.sse.core",1342207367631
started,bundle,org.jboss.tools.common.model.ui,3.3.0.v20120611-1634-H74-Final,"org.jboss.tools.common.model.ui",1342207367797
started,bundle,org.jboss.tools.jsf,3.3.0.v20120611-2148-H115-Final,"org.jboss.tools.jsf",1342207368897
started,bundle,org.jboss.tools.common.projecttemplates,3.3.0.v20120611-1634-H74-Final,"org.jboss.tools.common.projecttemplates",1342207369646
started,bundle,org.jboss.tools.jst.web,3.3.0.v20120611-1739-H85-Final,"org.jboss.tools.jst.web",1342207369654
started,bundle,org.jboss.tools.jst.web.tiles,3.3.0.v20120611-1739-H85-Final,"org.jboss.tools.jst.web.tiles",1342207369655
started,bundle,org.jboss.tools.hibernate.xml,3.4.0.v20120611-2017-H93-Final,"org.jboss.tools.hibernate.xml",1342207369655
started,bundle,org.jboss.tools.seam.xml,3.3.0.v20120612-1916-H130-Final,"org.jboss.tools.seam.xml",1342207369656
started,bundle,org.jboss.tools.seam.pages.xml,3.3.0.v20120612-1916-H130-Final,"org.jboss.tools.seam.pages.xml",1342207369656
started,bundle,org.jboss.tools.cdi.xml,1.2.0.v20120611-1827-H85-Final,"org.jboss.tools.cdi.xml",1342207369675
started,bundle,org.jboss.tools.portlet.core,1.2.0.v20120611-2357-H92-Final,"org.jboss.tools.portlet.core",1342207369709
started,bundle,org.eclipse.wst.ws.service.policy.ui,1.0.300.v201108240515,"org.eclipse.wst.ws.service.policy.ui",1342207370110
started,bundle,org.eclipse.wst.ws.service.policy,1.0.303.v201009221810,"org.eclipse.wst.ws.service.policy",1342207370129
started,bundle,org.eclipse.wst.command.env,1.0.409.v201004211805,"org.eclipse.wst.command.env",1342207370222
started,bundle,org.eclipse.wst.ws,1.1.203.v201004211805,"org.eclipse.wst.ws",1342207370231
started,bundle,org.jboss.tools.common.verification.ui,3.3.0.v20120611-1634-H74-Final,"org.jboss.tools.common.verification.ui",1342207370328
started,bundle,org.eclipse.ltk.core.refactoring,3.5.201.r372_v20111101-0700,"org.eclipse.ltk.core.refactoring",1342207370659
started,bundle,org.eclipse.ltk.ui.refactoring,3.6.0.v20110928-1453,"org.eclipse.ltk.ui.refactoring",1342207370692
started,bundle,org.eclipse.compare.core,3.5.200.I20110208-0800,"org.eclipse.compare.core",1342207370883
started,bundle,org.eclipse.compare,3.5.202.R37x_v20111109-0800,"org.eclipse.compare",1342207370903
started,bundle,org.eclipse.debug.ui,3.7.102.v20111129-1423_r372,"org.eclipse.debug.ui",1342207373001
started,bundle,org.eclipse.wst.css.core,1.1.501.v201111292150,"org.eclipse.wst.css.core",1342207373105
started,bundle,org.eclipse.jst.jee.ui,1.0.401.v201202011107,"org.eclipse.jst.jee.ui",1342207377673
deactivated,workbench,org.eclipse.ui.workbench,3.7.1.v20120104-1859,"",1342207380606
started,bundle,org.jboss.tools.ws.jaxrs.ui,1.2.2.v20120611-1829-H137-Final,"org.jboss.tools.ws.jaxrs.ui",1342207380818
started,bundle,org.eclipse.jst.server.preview.adapter,1.1.100.v20100308,"org.eclipse.jst.server.preview.adapter",1342207380821
started,bundle,org.eclipse.jst.server.tomcat.core,1.1.301.v20111010_1242,"org.eclipse.jst.server.tomcat.core",1342207380879
started,bundle,org.eclipse.wst.server.http.core,1.0.200.v20090429,"org.eclipse.wst.server.http.core",1342207380909
started,bundle,org.eclipse.wst.server.preview.adapter,1.1.0.v20090311b,"org.eclipse.wst.server.preview.adapter",1342207380919
started,bundle,org.eclipse.ui.navigator,3.5.101.v20120106-1355,"org.eclipse.ui.navigator",1342207380940
executed,command,org.eclipse.wst.server.ui,1.3.0.v20120210_1439,"org.eclipse.wst.server.launchShortcut.run",1342207383681
activated,workbench,org.eclipse.ui.workbench,3.7.1.v20120104-1859,"",1342207383708
started,bundle,org.jboss.ide.eclipse.as.rse.core,2.3.0.v20120615-1559-H138-Final,"org.jboss.ide.eclipse.as.rse.core",1342207384418
started,bundle,org.eclipse.rse.services,3.2.101.R33x_v201109141647,"org.eclipse.rse.services",1342207384509
started,bundle,org.eclipse.m2e.launching,1.0.200.20111228-1245,"org.eclipse.m2e.launching",1342207384767
started,bundle,org.jboss.ide.eclipse.freemarker,1.2.0.v20120611-1732-H94-Final,"org.jboss.ide.eclipse.freemarker",1342207384827
started,bundle,org.eclipse.jdt.debug,3.7.1.v20111006_r372,"org.eclipse.jdt.debug",1342207384970
started,bundle,org.eclipse.jdt.debug.ui,3.6.1.v20111006_r372,"org.eclipse.jdt.debug.ui",1342207385274
activated,view,org.eclipse.ui.console,3.5.100.v20111007_r372,"org.eclipse.ui.console.ConsoleView",1342207387696
deactivated,workbench,org.eclipse.ui.workbench,3.7.1.v20120104-1859,"",1342207396236
activated,workbench,org.eclipse.ui.workbench,3.7.1.v20120104-1859,"",1342207432286
started,bundle,org.jboss.tools.jmx.core,1.2.0.v20120611-1733-H71-Final,"org.jboss.tools.jmx.core",1342207434172
started,bundle,org.jboss.ide.eclipse.as.jmx.integration,2.3.0.v20120615-1559-H138-Final,"org.jboss.ide.eclipse.as.jmx.integration",1342207434173
opened,view,org.eclipse.wst.server.ui,1.3.0.v20120210_1439,"org.eclipse.wst.server.ui.ServersView",1342207443474
activated,view,org.eclipse.wst.server.ui,1.3.0.v20120210_1439,"org.eclipse.wst.server.ui.ServersView",1342207443509
started,bundle,org.eclipse.ui.browser,3.3.101.v20111019-1723,"org.eclipse.ui.browser",1342207443750
started,bundle,org.jboss.tools.openshift.express.ui,2.3.0.v20120613-1951-H135-Final,"org.jboss.tools.openshift.express.ui",1342207443848
activated,view,org.eclipse.jdt.ui,3.7.2.v20120109-1427,"org.eclipse.jdt.ui.PackageExplorer",1342207444650
activated,view,org.eclipse.wst.server.ui,1.3.0.v20120210_1439,"org.eclipse.wst.server.ui.ServersView",1342207445460
activated,view,org.eclipse.ui.console,3.5.100.v20111007_r372,"org.eclipse.ui.console.ConsoleView",1342207447076
deactivated,workbench,org.eclipse.ui.workbench,3.7.1.v20120104-1859,"",1342207448889
activated,workbench,org.eclipse.ui.workbench,3.7.1.v20120104-1859,"",1342207459919
activated,view,org.eclipse.wst.server.ui,1.3.0.v20120210_1439,"org.eclipse.wst.server.ui.ServersView",1342207463511
activated,view,org.eclipse.ui.console,3.5.100.v20111007_r372,"org.eclipse.ui.console.ConsoleView",1342207465031
started,bundle,org.jboss.tools.seam.core,3.3.0.v20120612-1916-H130-Final,"org.jboss.tools.seam.core",1342207476386
started,bundle,org.jboss.tools.seam.ui,3.3.0.v20120612-1916-H130-Final,"org.jboss.tools.seam.ui",1342207476391
started,bundle,org.jboss.tools.common.el.core,3.3.0.v20120611-1634-H74-Final,"org.jboss.tools.common.el.core",1342207476439
started,bundle,org.jboss.tools.common.validation,3.3.0.v20120611-1634-H74-Final,"org.jboss.tools.common.validation",1342207476454
started,bundle,org.eclipse.wst.html.core,1.1.502.v201202091936,"org.eclipse.wst.html.core",1342207476968
opened,view,org.jboss.tools.seam.ui,3.3.0.v20120612-1916-H130-Final,"org.jboss.tools.seam.ui.views.SeamComponentsNavigator",1342207477559
activated,view,org.jboss.tools.seam.ui,3.3.0.v20120612-1916-H130-Final,"org.jboss.tools.seam.ui.views.SeamComponentsNavigator",1342207477630
started,bundle,org.eclipse.wst.sse.ui,1.3.2.v201201041522,"org.eclipse.wst.sse.ui",1342207477635
started,bundle,org.eclipse.ui.navigator.resources,3.4.300.v20110928-1505,"org.eclipse.ui.navigator.resources",1342207477744
activated,view,org.eclipse.wst.server.ui,1.3.0.v20120210_1439,"org.eclipse.wst.server.ui.ServersView",1342207478851
started,bundle,org.eclipse.wst.common.uriresolver,1.1.401.v201004280700,"org.eclipse.wst.common.uriresolver",1342207479145
started,bundle,org.eclipse.wst.xsl.core,1.1.100.v201102270516,"org.eclipse.wst.xsl.core",1342207479201
started,bundle,org.eclipse.wst.xsl.exslt.core,1.0.0.v201005240426,"org.eclipse.wst.xsl.exslt.core",1342207479217
opened,editor,org.eclipse.ui.browser,3.3.101.v20111019-1723,"org.eclipse.ui.browser.editor",1342207486789
started,bundle,org.jboss.tools.common.text.ext,3.3.0.v20120611-1634-H74-Final,"org.jboss.tools.common.text.ext",1342207486899
started,bundle,org.jboss.tools.jst.jsp,3.3.0.v20120611-1739-H85-Final,"org.jboss.tools.jst.jsp",1342207486913
started,bundle,org.eclipse.wst.xml.ui,1.1.202.v201112071516,"org.eclipse.wst.xml.ui",1342207486976
started,bundle,org.jboss.tools.common.text.xml,3.3.0.v20120611-1634-H74-Final,"org.jboss.tools.common.text.xml",1342207487022
activated,editor,org.eclipse.ui.browser,3.3.101.v20111019-1723,"org.eclipse.ui.browser.editor",1342207487065
activated,view,org.eclipse.wst.server.ui,1.3.0.v20120210_1439,"org.eclipse.wst.server.ui.ServersView",1342207490524
closed,editor,org.eclipse.ui.browser,3.3.101.v20111019-1723,"org.eclipse.ui.browser.editor",1342207490525
opened,editor,org.eclipse.ui.browser,3.3.101.v20111019-1723,"org.eclipse.ui.browser.editor",1342207498549
activated,editor,org.eclipse.ui.browser,3.3.101.v20111019-1723,"org.eclipse.ui.browser.editor",1342207498574
activated,view,org.eclipse.wst.server.ui,1.3.0.v20120210_1439,"org.eclipse.wst.server.ui.ServersView",1342207499950
closed,editor,org.eclipse.ui.browser,3.3.101.v20111019-1723,"org.eclipse.ui.browser.editor",1342207499950
activated,view,org.eclipse.ui.console,3.5.100.v20111007_r372,"org.eclipse.ui.console.ConsoleView",1342207503930
activated,view,org.eclipse.wst.server.ui,1.3.0.v20120210_1439,"org.eclipse.wst.server.ui.ServersView",1342207518066
executed,command,org.eclipse.wst.server.ui,1.3.0.v20120210_1439,"org.eclipse.wst.server.publish",1342207522176
activated,view,org.eclipse.ui.console,3.5.100.v20111007_r372,"org.eclipse.ui.console.ConsoleView",1342207523767
activated,view,org.eclipse.wst.server.ui,1.3.0.v20120210_1439,"org.eclipse.wst.server.ui.ServersView",1342207527115
executed,command,org.eclipse.wst.server.ui,1.3.0.v20120210_1439,"org.eclipse.wst.server.publish",1342207530937
activated,view,org.eclipse.ui.console,3.5.100.v20111007_r372,"org.eclipse.ui.console.ConsoleView",1342207531913
activated,view,org.eclipse.wst.server.ui,1.3.0.v20120210_1439,"org.eclipse.wst.server.ui.ServersView",1342207533014
deactivated,workbench,org.eclipse.ui.workbench,3.7.1.v20120104-1859,"",1342207533717
activated,workbench,org.eclipse.ui.workbench,3.7.1.v20120104-1859,"",1342207539249
deactivated,workbench,org.eclipse.ui.workbench,3.7.1.v20120104-1859,"",1342207541537
activated,workbench,org.eclipse.ui.workbench,3.7.1.v20120104-1859,"",1342207542504
activated,view,org.eclipse.ui.console,3.5.100.v20111007_r372,"org.eclipse.ui.console.ConsoleView",1342207548123
activated,view,org.eclipse.wst.server.ui,1.3.0.v20120210_1439,"org.eclipse.wst.server.ui.ServersView",1342207549023
activated,view,org.eclipse.ui.console,3.5.100.v20111007_r372,"org.eclipse.ui.console.ConsoleView",1342207549866
opened,editor,org.eclipse.ui.browser,3.3.101.v20111019-1723,"org.eclipse.ui.browser.editor",1342207551407
activated,editor,org.eclipse.ui.browser,3.3.101.v20111019-1723,"org.eclipse.ui.browser.editor",1342207551431
deactivated,workbench,org.eclipse.ui.workbench,3.7.1.v20120104-1859,"",1342207551561
activated,workbench,org.eclipse.ui.workbench,3.7.1.v20120104-1859,"",1342207552705
activated,view,org.eclipse.ui.console,3.5.100.v20111007_r372,"org.eclipse.ui.console.ConsoleView",1342207554157
activated,editor,org.eclipse.ui.browser,3.3.101.v20111019-1723,"org.eclipse.ui.browser.editor",1342207556372
activated,view,org.eclipse.ui.console,3.5.100.v20111007_r372,"org.eclipse.ui.console.ConsoleView",1342207556406
closed,editor,org.eclipse.ui.browser,3.3.101.v20111019-1723,"org.eclipse.ui.browser.editor",1342207556413
activated,view,org.eclipse.wst.server.ui,1.3.0.v20120210_1439,"org.eclipse.wst.server.ui.ServersView",1342207557301
deactivated,workbench,org.eclipse.ui.workbench,3.7.1.v20120104-1859,"",1342207561247
activated,workbench,org.eclipse.ui.workbench,3.7.1.v20120104-1859,"",1342207562337
deactivated,workbench,org.eclipse.ui.workbench,3.7.1.v20120104-1859,"",1342207568264
activated,workbench,org.eclipse.ui.workbench,3.7.1.v20120104-1859,"",1342207571066
activated,view,org.eclipse.jdt.ui,3.7.2.v20120109-1427,"org.eclipse.jdt.ui.PackageExplorer",1342207575496
started,bundle,org.eclipse.jst.j2ee.ui,1.1.503.v201201190400,"org.eclipse.jst.j2ee.ui",1342207575625
deactivated,workbench,org.eclipse.ui.workbench,3.7.1.v20120104-1859,"",1342207580892
started,bundle,org.eclipse.wst.xsd.core,1.1.600.v201104070312,"org.eclipse.wst.xsd.core",1342207581342
started,bundle,org.eclipse.xsd,2.7.1.v20120130-0943,"org.eclipse.xsd",1342207581358
started,bundle,org.eclipse.wst.internet.cache,1.0.400.v201004280700,"org.eclipse.wst.internet.cache",1342207581508
started,bundle,org.jboss.tools.jmx.ui,1.2.0.v20120611-1733-H71-Final,"org.jboss.tools.jmx.ui",1342207590279
executed,command,org.eclipse.wst.server.ui,1.3.0.v20120210_1439,"org.eclipse.wst.server.launchShortcut.run",1342207590502
activated,workbench,org.eclipse.ui.workbench,3.7.1.v20120104-1859,"",1342207590532
activated,view,org.eclipse.ui.console,3.5.100.v20111007_r372,"org.eclipse.ui.console.ConsoleView",1342207593641
deactivated,workbench,org.eclipse.ui.workbench,3.7.1.v20120104-1859,"",1342207599584
activated,workbench,org.eclipse.ui.workbench,3.7.1.v20120104-1859,"",1342207609734
deactivated,workbench,org.eclipse.ui.workbench,3.7.1.v20120104-1859,"",1342207613130
activated,workbench,org.eclipse.ui.workbench,3.7.1.v20120104-1859,"",1342207616247
deactivated,workbench,org.eclipse.ui.workbench,3.7.1.v20120104-1859,"",1342207621571
opened,editor,org.eclipse.ui.browser,3.3.101.v20111019-1723,"org.eclipse.ui.browser.editor",1342207638716
activated,editor,org.eclipse.ui.browser,3.3.101.v20111019-1723,"org.eclipse.ui.browser.editor",1342207638739
activated,workbench,org.eclipse.ui.workbench,3.7.1.v20120104-1859,"",1342207695423
activated,view,org.eclipse.ui.console,3.5.100.v20111007_r372,"org.eclipse.ui.console.ConsoleView",1342207700652
activated,editor,org.eclipse.ui.browser,3.3.101.v20111019-1723,"org.eclipse.ui.browser.editor",1342207700744
activated,view,org.eclipse.jdt.ui,3.7.2.v20120109-1427,"org.eclipse.jdt.ui.PackageExplorer",1342207706059
started,bundle,org.jboss.tools.vpe,3.3.0.v20120611-1821-H102-Final,"org.jboss.tools.vpe",1342207711689
started,bundle,org.eclipse.wst.html.ui,1.0.602.v201202091936,"org.eclipse.wst.html.ui",1342207712218
started,bundle,org.eclipse.jst.jsp.ui,1.1.602.v201112071516,"org.eclipse.jst.jsp.ui",1342207712233
started,bundle,org.eclipse.wst.dtd.core,1.1.501.v201107252021,"org.eclipse.wst.dtd.core",1342207712785
started,bundle,org.hibernate.eclipse.libs,3.4.0.v20120611-2017-H93-Final,"org.hibernate.eclipse.libs",1342207713633
started,bundle,org.hibernate.eclipse,3.4.0.v20120611-2017-H93-Final,"org.hibernate.eclipse",1342207713811
started,bundle,org.hibernate.eclipse.mapper,3.4.0.v20120611-2017-H93-Final,"org.hibernate.eclipse.mapper",1342207713821
started,bundle,org.eclipse.wst.jsdt.web.ui,1.0.401.v201108152113,"org.eclipse.wst.jsdt.web.ui",1342207713871
started,bundle,org.eclipse.wst.jsdt.core,1.1.102.v201111090634,"org.eclipse.wst.jsdt.core",1342207714346
started,bundle,org.eclipse.wst.jsdt.web.core,1.0.401.v201108152113,"org.eclipse.wst.jsdt.web.core",1342207714351
started,bundle,org.eclipse.jst.jsp.core,1.2.402.v201112071853,"org.eclipse.jst.jsp.core",1342207714802
started,bundle,org.eclipse.jst.jsf.common,1.2.3.v201104061039,"org.eclipse.jst.jsf.common",1342207714905
started,bundle,org.eclipse.jst.jsf.core,1.3.105.v201108261005,"org.eclipse.jst.jsf.core",1342207714926
started,bundle,org.eclipse.jst.jsf.facelet.ui,1.0.1.v201104032306,"org.eclipse.jst.jsf.facelet.ui",1342207714927
started,bundle,org.eclipse.jst.jsf.ui,1.3.2.v201104251204,"org.eclipse.jst.jsf.ui",1342207714952
started,bundle,org.eclipse.wst.jsdt.manipulation,1.0.300.v201104272153,"org.eclipse.wst.jsdt.manipulation",1342207715163
started,bundle,org.eclipse.wst.jsdt.ui,1.1.102.v201201131900,"org.eclipse.wst.jsdt.ui",1342207715190
started,bundle,org.eclipse.wst.css.ui,1.0.601.v201201101544,"org.eclipse.wst.css.ui",1342207715291
